region,demand,alloc,fill_rate_%
TH,15054.35708215167,15049.0,99.96
VN,11545.486153986263,10588.0,91.71
PH,12877.527724814978,11633.0,90.34
MY,12604.753627404953,10830.0,85.92
ID,13701.685326422847,11647.0,85.0
SG,10886.447350342773,9254.0,85.0
